player_id,full_name,team_name,team_abbr,position,salary
1630173,Precious Achiuwa,Kings,SAC,Forward,2111516
203500,Steven Adams,Rockets,HOU,Center,14130434
1628389,Bam Adebayo,Heat,MIA,Center-Forward,37096620
1630534,Ochai Agbaji,Raptors,TOR,Guard,6383525
1630583,Santi Aldama,Grizzlies,MEM,Forward-Center,18485916
1641725,Trey Alexander,Pelicans,NOP,Guard,0
1629638,Nickeil Alexander-Walker,Hawks,ATL,Guard,15161800
1628960,Grayson Allen,Suns,PHX,Guard,16875000
1628386,Jarrett Allen,Cavaliers,CLE,Center,20000000
1630631,Jose Alvarado,Pelicans,NOP,Guard,4500000
203937,Kyle Anderson,Jazz,UTA,Forward-Guard,9219512
1630828,Alex Antetokounmpo,Bucks,MIL,Forward,0
203507,Giannis Antetokounmpo,Bucks,MIL,Forward,54126450
203648,Thanasis Antetokounmpo,Bucks,MIL,Forward,2296274
1630175,Cole Anthony,Bucks,MIL,Guard,2296274
1628384,OG Anunoby,Knicks,NYK,Forward-Guard,39568966
1630166,Deni Avdija,Trail Blazers,POR,Forward,14375000
1629028,Deandre Ayton,Lakers,LAL,Center,8104000
1628963,Marvin Bagley III,Wizards,WAS,Forward,2296274
1642846,Ace Bailey,Jazz,UTA,Forward,9069840
1630163,LaMelo Ball,Hornets,CHA,Guard,37958760
1628366,Lonzo Ball,Cavaliers,CLE,Guard,10000000
1631094,Paolo Banchero,Magic,ORL,Forward,15334769
1630217,Desmond Bane,Magic,ORL,Guard,36725670
1631230,Dominick Barlow,76ers,PHI,Forward,0
203084,Harrison Barnes,Spurs,SAS,Forward,19000000
1630567,Scottie Barnes,Raptors,TOR,Forward-Guard,38661750
1642964,Brooks Barnhizer,Thunder,OKC,Guard,0
1629628,RJ Barrett,Raptors,TOR,Forward-Guard,27705357
1642926,Tamar Bates,Nuggets,DEN,Guard,0
1642419,Jamison Battle,Raptors,TOR,Forward,1955377
201587,Nicolas Batum,Clippers,LAC,Guard-Forward,5601600
203078,Bradley Beal,Clippers,LAC,Guard,5354000
1630699,MarJon Beauchamp,76ers,PHI,Guard,0
1642866,Joan Beringer,Timberwolves,MIN,Forward,4201080
1630180,Saddiq Bey,Pelicans,NOP,Guard-Forward,6118644
1629048,Goga Bitadze,Magic,ORL,Center-Forward,8333333
202687,Bismack Biyombo,Spurs,SAS,Center,2296274
1641710,Anthony Black,Magic,ORL,Guard,7970280
203992,Bogdan Bogdanović,Clippers,LAC,Guard,16020000
1641737,Adem Bona,76ers,PHI,Forward,1955377
1626164,Devin Booker,Suns,PHX,Guard,53142264
1628449,Chris Boucher,Celtics,BOS,Forward,2296274
1631123,Jamaree Bouyea,Suns,PHX,Guard,0
1628396,Tony Bradley,Pacers,IND,Center-Forward,2940876
1631103,Malaki Branham,Wizards,WAS,Forward,4962033
1631128,Christian Braun,Nuggets,DEN,Guard,4921797
1642886,Koby Brea,Suns,PHX,Guard,0
1628969,Mikal Bridges,Knicks,NYK,Guard-Forward,24900000
1628970,Miles Bridges,Hornets,CHA,Forward,25000000
1628415,Dillon Brooks,Suns,PHX,Guard-Forward,21124110
1641780,Johni Broome,76ers,PHI,Forward,1272870
1628971,Bruce Brown,Nuggets,DEN,Guard-Forward,2296274
1627759,Jaylen Brown,Celtics,BOS,Guard-Forward,53142264
1641738,Kobe Brown,Clippers,LAC,Forward,2654880
1628973,Jalen Brunson,Knicks,NYK,Guard,34944001
1642868,Carter Bryant,Spurs,SAS,Forward,4900320
1628418,Thomas Bryant,Cavaliers,CLE,Center-Forward,2296274
1641723,Kobe Bufkin,Lakers,LAL,Guard,4503720
202710,Jimmy Butler III,Warriors,GSW,Forward,54126450
1641824,Matas Buzelis,Bulls,CHI,Forward,5455560
1631288,Jamal Cain,Magic,ORL,Forward,0
203484,Kentavious Caldwell-Pope,Grizzlies,MEM,Guard,21621500
1641739,Toumani Camara,Trail Blazers,POR,Forward,2221677
203991,Clint Capela,Rockets,HOU,Center,6700000
1642928,Dylan Cardwell,Kings,SAC,Center,0
1642382,Branden Carlson,Thunder,OKC,Center,0
1642267,Bub Carrington,Wizards,WAS,Guard,4677600
1642269,Devin Carter,Kings,SAC,Guard,4923720
1628975,Jevon Carter,Bulls,CHI,Guard,6809524
1628976,Wendell Carter Jr.,Magic,ORL,Center-Forward,10850000
1627936,Alex Caruso,Thunder,OKC,Guard,18102000
1642264,Stephon Castle,Spurs,SAS,Guard,9560520
1630658,Colin Castleton,Magic,ORL,Center,0
1630577,Julian Champagnie,Spurs,SAS,Forward,3000000
1630551,Justin Champagnie,Wizards,WAS,Guard-Forward,2349578
1642353,Cam Christie,Clippers,LAC,Guard,1955377
1631108,Max Christie,Mavericks,DAL,Guard,7714286
1630619,Moussa Cisse,Mavericks,DAL,Center,0
1631321,Sidy Cissoko,Trail Blazers,POR,Guard,0
1641740,Jaylen Clark,Timberwolves,MIN,Guard,2191897
1629634,Brandon Clarke,Grizzlies,MEM,Forward,12500000
203903,Jordan Clarkson,Knicks,NYK,Guard,2296274
1629651,Nic Claxton,Nets,BKN,Center,25352272
1642383,Walter Clayton Jr.,Jazz,UTA,Guard,3991320
1642363,Nique Clifford,Kings,SAC,Guard,3108120
1642270,Donovan Clingan,Trail Blazers,POR,Center,7178400
1641730,Noah Clowney,Nets,BKN,Forward-Center,3398640
1629599,Amir Coffey,Bucks,MIL,Guard-Forward,2296274
1642268,Isaiah Collier,Jazz,UTA,Guard,2638200
1628381,John Collins,Clippers,LAC,Forward-Center,26580000
1628380,Zach Collins,Bulls,CHI,Forward-Center,18080496
201144,Mike Conley,Timberwolves,MIN,Guard,10774038
1626192,Pat Connaughton,Hornets,CHA,Guard,9423869
1631451,Javonte Cooke,Trail Blazers,POR,Guard,0
1630536,Sharife Cooper,Wizards,WAS,Guard,0
1641731,Bilal Coulibaly,Wizards,WAS,Guard,7275600
1642907,Cedric Coward,Grizzlies,MEM,Guard,5715120
1642384,Isaiah Crawford,Rockets,HOU,Forward,0
1643018,LJ Cryer,Warriors,GSW,Guard,0
1630595,Cade Cunningham,Pistons,DET,Guard,46394100
203552,Seth Curry,Warriors,GSW,Guard,0
201939,Stephen Curry,Warriors,GSW,Guard,59606817
1642359,Pacôme Dadiet,Knicks,NYK,Forward,2847600
1630700,Dyson Daniels,Hawks,ATL,Guard,7707709
1642368,N'Faly Dante,Hawks,ATL,Center,2048494
203076,Anthony Davis,Mavericks,DAL,Forward-Center,54126450
1631120,JD Davison,Rockets,HOU,Guard,2270735
201942,DeMar DeRozan,Kings,SAC,Guard-Forward,24570000
1642484,RayJ Dennis,Hawks,ATL,Guard,0
1628978,Donte DiVincenzo,Timberwolves,MIN,Guard,11990000
1631217,Moussa Diabaté,Hornets,CHA,Forward,2270735
1642885,Mohamed Diawara,Knicks,NYK,Forward,1272870
1641711,Gradey Dick,Raptors,TOR,Guard-Forward,4990560
1630621,Hunter Dickinson,Pelicans,NOP,Center,0
1631172,Ousmane Dieng,Thunder,OKC,Forward,6670882
1642265,Rob Dillingham,Timberwolves,MIN,Guard,6576120
1629029,Luka Dončić,Lakers,LAL,Forward-Guard,45999660
1629652,Luguentz Dort,Thunder,OKC,Guard,18222222
1630245,Ayo Dosunmu,Bulls,CHI,Guard,7518518
203083,Andre Drummond,76ers,PHI,Center,5000000
1627739,Kris Dunn,Clippers,LAC,Guard,5426400
1642346,Ryan Dunn,Suns,PHX,Forward,2657760
201142,Kevin Durant,Rockets,HOU,Forward,54708609
1631105,Jalen Duren,Pistons,DET,Center,6483144
1642856,Egor Dëmin,Nets,BKN,Guard,6889200
1631106,Tari Eason,Rockets,HOU,Forward,5675766
1641744,Zach Edey,Grizzlies,MEM,Center,6045000
1642845,VJ Edgecombe,76ers,PHI,Guard,11108880
1630162,Anthony Edwards,Timberwolves,MIN,Guard,45550512
1642348,Justin Edwards,76ers,PHI,Forward,2048494
1631165,Keon Ellis,Kings,SAC,Guard,2301587
203954,Joel Embiid,76ers,PHI,Center-Forward,55224526
1642855,Noa Essengue,Bulls,CHI,Forward,5429520
1630623,Tyson Etienne,Nets,BKN,Guard,0
1629234,Drew Eubanks,Kings,SAC,Forward-Center,2296274
203957,Danté Exum,Mavericks,DAL,Guard,2296274
1642847,Jeremiah Fears,Pelicans,NOP,Guard,7520040
1642271,Kyle Filipowski,Jazz,UTA,Center,3000000
1627827,Dorian Finney-Smith,Rockets,HOU,Forward,12700000
1642843,Cooper Flagg,Mavericks,DAL,Forward,13825920
1642853,Rasheer Fleming,Suns,PHX,Forward,1272870
1631323,Simone Fontecchio,Heat,MIA,Forward,8307692
1628368,De'Aaron Fox,Spurs,SAS,Guard,37096620
1642402,Enrique Freeman,Timberwolves,MIN,Forward,0
1642277,Johnny Furphy,Pacers,IND,Guard,1955377
1629655,Daniel Gafford,Mavericks,DAL,Forward-Center,14386320
1642066,Myron Gardner,Heat,MIA,Forward,0
1629636,Darius Garland,Cavaliers,CLE,Guard,39446090
1630568,Luka Garza,Celtics,BOS,Center,2461463
1641718,Keyonte George,Jazz,UTA,Guard,4278960
1642273,Kyshawn George,Wizards,WAS,Forward,2966760
202331,Paul George,76ers,PHI,Forward,51666090
1630581,Josh Giddey,Bulls,CHI,Guard,25000000
1628983,Shai Gilgeous-Alexander,Thunder,OKC,Guard,38333050
1630264,Anthony Gill,Wizards,WAS,Forward,2296274
1631221,Collin Gillespie,Suns,PHX,Guard,2296274
203497,Rudy Gobert,Timberwolves,MIN,Center,35000000
1642884,Vladislav Goldin,Heat,MIA,Center,0
1642864,Hugo González,Celtics,BOS,Guard,2783880
1630692,Jordan Goodwin,Suns,PHX,Guard,2349578
203932,Aaron Gordon,Nuggets,DEN,Forward,22841455
201569,Eric Gordon,76ers,PHI,Guard,2296274
203924,Jerami Grant,Trail Blazers,POR,Forward,32000001
1631260,AJ Green,Bucks,MIL,Guard,2301587
203110,Draymond Green,Warriors,GSW,Forward,25892857
1630224,Jalen Green,Suns,PHX,Guard,33584499
1629750,Javonte Green,Pistons,DET,Guard,2296274
201145,Jeff Green,Rockets,HOU,Forward,2296274
1630182,Josh Green,Hornets,CHA,Guard,13666667
1629656,Quentin Grimes,76ers,PHI,Guard,8741209
1631243,Mouhamed Gueye,Hawks,ATL,Forward,2221677
1629060,Rui Hachimura,Lakers,LAL,Forward,18259259
1630169,Tyrese Haliburton,Pacers,IND,Guard,45550512
1641790,PJ Hall,Hornets,CHA,Center,0
203501,Tim Hardaway Jr.,Nuggets,DEN,Guard-Forward,2296274
201935,James Harden,Clippers,LAC,Guard,39182693
1630702,Jaden Hardy,Mavericks,DAL,Guard,6000000
1641989,Elijah Harkless,Jazz,UTA,Guard,0
1642844,Dylan Harper,Spurs,SAS,Guard,12370320
1631199,Ron Harper Jr.,Celtics,BOS,Guard-Forward,0
203914,Gary Harris,Bucks,MIL,Guard,3634153
202699,Tobias Harris,Pistons,DET,Forward,26634146
1628404,Josh Hart,Knicks,NYK,Guard,19472240
1628392,Isaiah Hartenstein,Thunder,OKC,Center-Forward,28500000
1630573,Sam Hauser,Celtics,BOS,Forward,10044644
1641722,Jordan Hawkins,Pelicans,NOP,Guard,4741320
1629637,Jaxson Hayes,Lakers,LAL,Center-Forward,3449323
1628502,Nigel Hayes-Davis,Suns,PHX,Forward,2048494
1630703,Scoot Henderson,Trail Blazers,POR,Guard,10748040
1641707,Taylor Hendricks,Jazz,UTA,Forward,6127080
1642935,Chucky Hepburn,Raptors,TOR,Guard,0
1629639,Tyler Herro,Heat,MIA,Guard,31000000
1627741,Buddy Hield,Warriors,GSW,Guard,9219512
1629312,Haywood Highsmith,Nets,BKN,Forward,5616000
1628988,Aaron Holiday,Rockets,HOU,Guard,2296274
201950,Jrue Holiday,Trail Blazers,POR,Guard,32400000
1641842,Ronald Holland II,Pistons,DET,Forward,8657280
1641747,DaRon Holmes II,Nuggets,DEN,Forward,3218760
1631096,Chet Holmgren,Thunder,OKC,Center-Forward,13731368
201143,Al Horford,Warriors,GSW,Center-Forward,5685000
1631216,Caleb Houstan,Hawks,ATL,Guard,0
1641724,Jett Howard,Magic,ORL,Guard,5529720
1628989,Kevin Huerter,Bulls,CHI,Guard-Forward,17991071
1630643,Jay Huff,Pacers,IND,Center,2349578
1630574,Ariel Hukporti,Knicks,NYK,Center,1955377
1629631,De'Andre Hunter,Cavaliers,CLE,Forward-Guard,23303571
1630538,Bones Hyland,Timberwolves,MIN,Guard,2296274
1642345,Oso Ighodaro,Suns,PHX,Forward,1955377
204060,Joe Ingles,Timberwolves,MIN,Forward-Guard,2296274
1627742,Brandon Ingram,Raptors,TOR,Forward,38095238
1631127,Harrison Ingram,Spurs,SAS,Forward,0
202681,Kyrie Irving,Mavericks,DAL,Guard,36566002
1628371,Jonathan Isaac,Magic,ORL,Forward,15000000
1631093,Jaden Ivey,Pistons,DET,Guard,10107163
1641713,GG Jackson,Grizzlies,MEM,Forward,2221677
1630543,Isaiah Jackson,Pacers,IND,Forward,7600000
1631245,Quenton Jackson,Pacers,IND,Guard,0
1641748,Andre Jackson Jr.,Bucks,MIL,Guard,2221677
1628991,Jaren Jackson Jr.,Grizzlies,MEM,Forward-Center,35000000
1631218,Trayce Jackson-Davis,Warriors,GSW,Forward,2221677
1642857,Kasparas Jakučionis,Heat,MIA,Guard,3658800
1642355,Bronny James,Lakers,LAL,Guard,1955377
2544,LeBron James,Lakers,LAL,Forward,52627153
1642883,Sion James,Hornets,CHA,Guard,2296274
1631170,Jaime Jaquez Jr.,Heat,MIA,Guard,3861600
1641998,Trey Jemison III,Knicks,NYK,Center,0
1642450,Daniss Jenkins,Pistons,DET,Guard,0
1629660,Ty Jerome,Grizzlies,MEM,Guard-Forward,8781000
1630198,Isaiah Joe,Thunder,OKC,Guard,12362338
1642358,AJ Johnson,Wizards,WAS,Guard,3090480
1629661,Cameron Johnson,Nuggets,DEN,Forward,21057065
1643052,Chaney Johnson,Nets,BKN,Guard,0
1630552,Jalen Johnson,Hawks,ATL,Forward,30000000
1629640,Keldon Johnson,Spurs,SAS,Forward-Guard,17500000
1642352,Keshad Johnson,Heat,MIA,Forward,1955377
1642848,Tre Johnson,Wizards,WAS,Guard,8237640
203999,Nikola Jokić,Nuggets,DEN,Center,55224526
1642938,Curtis Jones,Nuggets,DEN,Guard,0
1630529,Herbert Jones,Pelicans,NOP,Forward,13937574
1642403,Isaac Jones,Pistons,DET,Forward,1955377
1642880,Kam Jones,Pacers,IND,Guard,1272870
1642461,Spencer Jones,Nuggets,DEN,Forward,0
1630200,Tre Jones,Bulls,CHI,Guard,8000000
1626145,Tyus Jones,Magic,ORL,Guard,7000000
1642357,David Jones Garcia,Spurs,SAS,Guard,0
1627884,Derrick Jones Jr.,Clippers,LAC,Forward,10000000
201599,DeAndre Jordan,Pelicans,NOP,Center,2269880
1631107,Nikola Jović,Heat,MIA,Forward,4445417
1630548,Johnny Juzang,Timberwolves,MIN,Guard,0
1641750,Ryan Kalkbrenner,Hornets,CHA,Center,2296274
1642530,Yuki Kawamura,Bulls,CHI,Guard,0
1642939,Miles Kelly,Mavericks,DAL,Guard,0
1628379,Luke Kennard,Hawks,ATL,Guard,11000000
1631117,Walker Kessler,Jazz,UTA,Center,4878938
1630557,Corey Kispert,Hawks,ATL,Forward,13975000
1628467,Maxi Kleber,Lakers,LAL,Forward,11000000
1641752,Bobi Klintman,Pistons,DET,Forward,1955377
1642261,Dalton Knecht,Lakers,LAL,Forward,4010160
1642851,Kon Knueppel,Hornets,CHA,Guard-Forward,10015680
1642278,Tyler Kolek,Knicks,NYK,Guard,2191897
1629723,John Konchar,Grizzlies,MEM,Guard,6165000
1628436,Luke Kornet,Spurs,SAS,Center-Forward,11000000
1630249,Vít Krejčí,Hawks,ATL,Guard,2349578
1630228,Jonathan Kuminga,Warriors,GSW,Forward,22500000
1628398,Kyle Kuzma,Bucks,MIL,Forward,22410605
1631222,Jake LaRavia,Lakers,LAL,Forward,6000000
203897,Zach LaVine,Kings,SAC,Guard,47499660
1629111,Jock Landale,Grizzlies,MEM,Center,2296274
1642404,Chaz Lanier,Pistons,DET,Guard,1372870
1641796,Pelle Larsson,Heat,MIA,Guard,1955377
1630639,A.J. Lawson,Raptors,TOR,Guard,0
1627747,Caris LeVert,Pistons,DET,Guard,14104000
202695,Kawhi Leonard,Clippers,LAC,Forward,50000000
1642502,Malevy Leons,Warriors,GSW,Guard,0
1630604,E.J. Liddell,Nets,BKN,Forward,706898
203081,Damian Lillard,Trail Blazers,POR,Guard,14104000
1641726,Dereck Lively II,Mavericks,DAL,Center,5253360
1630587,Isaiah Livers,Suns,PHX,Forward,0
1641753,Chris Livingston,Cavaliers,CLE,Forward,0
1626172,Kevon Looney,Pelicans,NOP,Forward,8000000
201572,Brook Lopez,Clippers,LAC,Center,8750000
1631126,Caleb Love,Trail Blazers,POR,Guard,0
201567,Kevin Love,Jazz,UTA,Forward-Center,4150000
200768,Kyle Lowry,76ers,PHI,Guard,2296274
1642863,Khaman Maluach,Suns,PHX,Center,6016080
1630572,Sandro Mamukelashvili,Raptors,TOR,Forward-Center,2461463
1629611,Terance Mann,Nets,BKN,Guard-Forward,15500000
1630544,Tre Mann,Hornets,CHA,Guard,8000000
1628374,Lauri Markkanen,Jazz,UTA,Forward-Center,46394100
1630230,Naji Marshall,Mavericks,DAL,Forward,9000000
1642918,Alijah Martin,Raptors,TOR,Guard,0
1628997,Caleb Martin,Mavericks,DAL,Forward,9594044
1631213,Tyrese Martin,Nets,BKN,Forward,2191897
1642942,Jahmai Mashack,Grizzlies,MEM,Guard,0
1631097,Bennedict Mathurin,Pacers,IND,Guard-Forward,9187573
1631255,Karlo Matković,Pelicans,NOP,Forward-Center,1955377
1630178,Tyrese Maxey,76ers,PHI,Guard,37958760
1643024,Chris Mañon,Lakers,LAL,Guard,0
1630540,Miles McBride,Knicks,NYK,Guard,4333333
1642272,Jared McCain,76ers,PHI,Guard,4221360
203468,CJ McCollum,Hawks,ATL,Guard,30666666
204456,T.J. McConnell,Pacers,IND,Guard,10200000
1641755,Kevin McCullar Jr.,Knicks,NYK,Guard,0
1630183,Jaden McDaniels,Timberwolves,MIN,Forward,24393104
203926,Doug McDermott,Kings,SAC,Forward,2296274
1631121,Bryce McGowens,Pelicans,NOP,Guard,0
1629162,Jordan McLaughlin,Spurs,SAS,Guard,2296274
1642862,Liam McNeeley,Hornets,CHA,Forward,2763960
1629001,De'Anthony Melton,Warriors,GSW,Guard,3080921
1630241,Sam Merrill,Cavaliers,CLE,Guard,8482144
203114,Khris Middleton,Wizards,WAS,Forward,33296296
1641706,Brandon Miller,Hornets,CHA,Forward,11968800
1641801,Emanuel Miller,Bulls,CHI,Forward,0
1641757,Jordan Miller,Clippers,LAC,Guard,0
1631159,Leonard Miller,Timberwolves,MIN,Forward,2221677
1631169,Josh Minott,Celtics,BOS,Forward,2378870
1642274,Yves Missi,Pelicans,NOP,Center,3353040
1642349,Ajay Mitchell,Thunder,OKC,Guard,3000000
1630558,Davion Mitchell,Heat,MIA,Guard,11600000
1628378,Donovan Mitchell,Cavaliers,CLE,Guard,46394100
1630596,Evan Mobley,Cavaliers,CLE,Center,46394100
1642367,Jonathan Mogbo,Raptors,TOR,Forward,1955377
1628370,Malik Monk,Kings,SAC,Guard,18797619
1630541,Moses Moody,Warriors,GSW,Guard,11574075
1631111,Wendell Moore Jr.,Pistons,DET,Guard,0
1629630,Ja Morant,Grizzlies,MEM,Guard,39446090
1630530,Trey Murphy III,Pelicans,NOP,Forward,25000000
1627749,Dejounte Murray,Pelicans,NOP,Guard,30801103
1627750,Jamal Murray,Nuggets,DEN,Guard,46394100
1631099,Keegan Murray,Kings,SAC,Forward,11144093
1631200,Kris Murray,Trail Blazers,POR,Forward,3132000
1642867,Collin Murray-Boyles,Raptors,TOR,Forward,6332520
1629004,Svi Mykhailiuk,Jazz,UTA,Guard-Forward,3675000
1631250,Pete Nance,Bucks,MIL,Forward,0
1626204,Larry Nance Jr.,Cavaliers,CLE,Forward-Center,2296274
1629614,Andrew Nembhard,Pacers,IND,Guard-Forward,18102000
1642948,Ryan Nembhard,Mavericks,DAL,Guard,0
1630174,Aaron Nesmith,Pacers,IND,Guard-Forward,11000000
1642854,Asa Newell,Hawks,ATL,Forward,3237480
1641803,Tristen Newton,Rockets,HOU,Guard,0
1627777,Georges Niang,Jazz,UTA,Forward,8200000
1642949,Yanic Konan Niederhäuser,Clippers,LAC,Center,2743800
1630192,Zeke Nnaji,Nuggets,DEN,Forward-Center,8177778
203994,Jusuf Nurkić,Jazz,UTA,Center,19375000
1626220,Royce O'Neale,Suns,PHX,Forward,10125000
1629006,Josh Okogie,Rockets,HOU,Guard,2296274
1630168,Onyeka Okongwu,Hawks,ATL,Forward-Center,15000000
1630171,Isaac Okoro,Bulls,CHI,Forward-Guard,11000000
1642950,Lachlan Olbrich,Bulls,CHI,Center,0
203482,Kelly Olynyk,Spurs,SAS,Forward-Center,13445122
1626162,Kelly Oubre Jr.,76ers,PHI,Forward-Guard,8382150
101108,Chris Paul,Clippers,LAC,Guard,2296274
1627780,Gary Payton II,Warriors,GSW,Guard,2296274
1642877,Micah Peavy,Pelicans,NOP,Guard-Forward,1272870
1642869,Noah Penda,Magic,ORL,Guard-Forward,1272870
1643007,Taelon Peter,Pacers,IND,Guard,0
1641763,Julian Phillips,Bulls,CHI,Forward,2221677
1629618,Jalen Pickett,Nuggets,DEN,Guard,2221677
1630590,Scotty Pippen Jr.,Grizzlies,MEM,Guard,2270735
1631342,Daeqwon Plowden,Kings,SAC,Guard-Forward,0
203486,Mason Plumlee,Hornets,CHA,Forward-Center,2296274
1641764,Brandin Podziemski,Warriors,GSW,Guard,3687960
1627751,Jakob Poeltl,Raptors,TOR,Center,19500000
1629673,Jordan Poole,Pelicans,NOP,Guard,31848215
1641854,Craig Porter Jr.,Cavaliers,CLE,Guard,2221677
1629645,Kevin Porter Jr.,Bucks,MIL,Guard-Forward,5134000
1629008,Michael Porter Jr.,Nets,BKN,Forward,38333050
1626171,Bobby Portis,Bucks,MIL,Forward,13445754
204001,Kristaps Porziņģis,Hawks,ATL,Forward-Center,30731707
1642366,Quinten Post,Warriors,GSW,Center,1955377
1630695,Micah Potter,Pacers,IND,Guard,0
1642962,Drake Powell,Nets,BKN,Guard-Forward,3372240
203939,Dwight Powell,Mavericks,DAL,Forward-Center,4000000
1626181,Norman Powell,Heat,MIA,Guard,20482758
1627752,Taurean Prince,Bucks,MIL,Forward,3303774
1630202,Payton Pritchard,Celtics,BOS,Guard,7232143
1642878,Tyrese Proctor,Cavaliers,CLE,Guard,1272870
1641765,Olivier-Maxence Prosper,Grizzlies,MEM,Forward,1002360
1642852,Derik Queen,Pelicans,NOP,Center,5157960
1629674,Neemias Queta,Celtics,BOS,Center,2349578
1630193,Immanuel Quickley,Raptors,TOR,Guard,32500000
203944,Julius Randle,Timberwolves,MIN,Forward-Center,30864198
1642875,Maxime Raynaud,Kings,SAC,Center,1272870
1641871,Duop Reath,Trail Blazers,POR,Center,2221677
1630559,Austin Reaves,Lakers,LAL,Guard,13937574
1630194,Paul Reed,Pistons,DET,Forward,5335894
1641810,Antonio Reeves,Hornets,CHA,Guard,0
1629675,Naz Reid,Timberwolves,MIN,Center-Forward,21551724
1642954,Will Richard,Warriors,GSW,Guard,1272870
1630208,Nick Richards,Suns,PHX,Center,5000000
1642859,Jase Richardson,Magic,ORL,Guard,2983320
1642860,Will Riley,Wizards,WAS,Forward,3512520
1642258,Zaccharie Risacher,Hawks,ATL,Forward,13197720
1629130,Duncan Robinson,Pistons,DET,Forward,16834692
1629011,Mitchell Robinson,Knicks,NYK,Center-Forward,12954546
1631115,Orlando Robinson,Magic,ORL,Center,0
1631157,Ryan Rollins,Bucks,MIL,Guard,4000000
1626179,Terry Rozier,Heat,MIA,Guard,26643031
1641712,Rayan Rupert,Trail Blazers,POR,Guard-Forward,2221677
1626156,D'Angelo Russell,Mavericks,DAL,Guard,5685000
1627734,Domantas Sabonis,Kings,SAC,Forward-Center,42336000
1642275,Tidjane Salaün,Hornets,CHA,Forward,7863240
1642920,Kobe Sanders,Clippers,LAC,Guard,0
1630611,Gui Santos,Warriors,GSW,Forward,2221677
1642879,Ben Saraf,Nets,BKN,Guard,2884560
1642259,Alex Sarr,Wizards,WAS,Center,11808240
1631204,Marcus Sasser,Pistons,DET,Guard,2886720
1631248,Baylor Scheierman,Celtics,BOS,Guard,2619000
203471,Dennis Schröder,Kings,SAC,Guard,14104000
1630578,Alperen Sengun,Rockets,HOU,Center,33944954
1641729,Brice Sensabaugh,Jazz,UTA,Forward,2693760
1629012,Collin Sexton,Hornets,CHA,Guard,18975000
1629013,Landry Shamet,Knicks,NYK,Guard,2296274
1630545,Terrence Shannon Jr.,Timberwolves,MIN,Guard-Forward,2674080
1630549,Day'Ron Sharpe,Nets,BKN,Center,6250000
1631101,Shaedon Sharpe,Trail Blazers,POR,Guard,8399983
1642347,Jamal Shead,Raptors,TOR,Guard,1955377
1641767,Ben Sheppard,Pacers,IND,Guard,2790720
1642263,Reed Sheppard,Rockets,HOU,Guard,10603560
1642917,Max Shulga,Celtics,BOS,Guard,0
1627783,Pascal Siakam,Pacers,IND,Forward,45550512
1629014,Anfernee Simons,Celtics,BOS,Guard,27678571
1642354,KJ Simpson,Hornets,CHA,Guard,0
1630579,Jericho Sims,Bucks,MIL,Center,2461463
1642914,Javon Small,Grizzlies,MEM,Guard,0
203935,Marcus Smart,Lakers,LAL,Guard,5134000
1630696,Dru Smith,Heat,MIA,Guard,2378870
1630188,Jalen Smith,Bulls,CHI,Forward-Center,9000000
1642449,Tolu Smith,Pistons,DET,Forward,0
1631095,Jabari Smith Jr.,Rockets,HOU,Forward,12350392
1641733,Nick Smith Jr.,Lakers,LAL,Guard,2710680
1631110,Jeremy Sochan,Spurs,SAS,Forward,7096231
1642850,Thomas Sorber,Thunder,OKC,Center,4655040
1642285,Cam Spencer,Grizzlies,MEM,Guard,2537989
1630311,Pat Spencer,Warriors,GSW,Guard,0
1641815,Isaiah Stevens,Kings,SAC,Guard,0
1630191,Isaiah Stewart,Pistons,DET,Forward-Center,15000000
1631124,Julian Strawther,Nuggets,DEN,Guard,2674200
1629622,Max Strus,Cavaliers,CLE,Guard-Forward,15936452
1630591,Jalen Suggs,Magic,ORL,Guard,35000000
1630256,Jae'Sean Tate,Rockets,HOU,Forward,2296274
1628369,Jayson Tatum,Celtics,BOS,Forward-Guard,54126450
202066,Garrett Temple,Raptors,TOR,Guard-Forward,2296274
1631207,Dalen Terry,Bulls,CHI,Forward,5399118
1642876,Adou Thiero,Lakers,LAL,Guard,1272870
1630560,Cam Thomas,Nets,BKN,Guard,5993172
1641708,Amen Thompson,Rockets,HOU,Guard-Forward,9690600
1641709,Ausar Thompson,Pistons,DET,Guard-Forward,8775000
1630679,Ethan Thompson,Pacers,IND,Guard,0
202691,Klay Thompson,Mavericks,DAL,Guard,16666667
1629680,Matisse Thybulle,Trail Blazers,POR,Guard-Forward,11550000
1630214,Xavier Tillman,Celtics,BOS,Forward,2546675
1631166,Drew Timme,Lakers,LAL,Guard,1955377
1641772,Nae'Qwan Tomlin,Cavaliers,CLE,Forward,0
1642910,John Tonje,Jazz,UTA,Guard,0
1642260,Nikola Topić,Thunder,OKC,Guard,5182920
1630167,Obi Toppin,Pacers,IND,Forward,14000000
1626157,Karl-Anthony Towns,Knicks,NYK,Center-Forward,53142264
1642849,Nolan Traore,Nets,BKN,Guard,3811560
1631247,Luke Travers,Cavaliers,CLE,Forward,0
1629018,Gary Trent Jr.,Bucks,MIL,Guard,3697105
1631131,Oscar Tshiebwe,Jazz,UTA,Forward-Center,0
1626167,Myles Turner,Bucks,MIL,Center-Forward,25318251
1641816,Hunter Tyson,Nuggets,DEN,Forward,2221677
1642281,Jaylon Tyson,Cavaliers,CLE,Guard-Forward,3492480
1630649,Stanley Umude,Spurs,SAS,Guard,0
202685,Jonas Valančiūnas,Nuggets,DEN,Center,10395000
1627832,Fred VanVleet,Rockets,HOU,Guard,25000000
1629020,Jarred Vanderbilt,Lakers,LAL,Forward,11571429
1630170,Devin Vassell,Spurs,SAS,Guard-Forward,27000000
1629216,Gabe Vincent,Lakers,LAL,Guard,11500000
1641774,Tristan Vukcevic,Wizards,WAS,Forward,0
202696,Nikola Vučević,Bulls,CHI,Center,21481481
1629731,Dean Wade,Cavaliers,CLE,Forward-Center,6623456
1630532,Franz Wagner,Magic,ORL,Forward,38661750
1629021,Moritz Wagner,Magic,ORL,Forward-Center,5000000
1631133,Jabari Walker,76ers,PHI,Forward,0
1641716,Jarace Walker,Pacers,IND,Forward,6665520
1641717,Cason Wallace,Thunder,OKC,Guard,5820240
1630811,Keaton Wallace,Hawks,ATL,Guard,0
1641775,Jordan Walsh,Celtics,BOS,Guard,2221677
1642266,Ja'Kobe Walter,Raptors,TOR,Guard,3638160
1642276,Kel'el Ware,Heat,MIA,Center,4443360
1629023,P.J. Washington,Mavericks,DAL,Forward,14152174
1631102,TyTy Washington Jr.,Clippers,LAC,Guard,0
1630322,Lindy Waters III,Spurs,SAS,Forward,2296274
1630570,Trendon Watford,76ers,PHI,Guard-Forward,2461463
1642364,Jamir Watkins,Wizards,WAS,Forward,0
1631212,Peyton Watson,Nuggets,DEN,Guard,4356476
1642377,Jaylen Wells,Grizzlies,MEM,Forward,1955377
1641705,Victor Wembanyama,Spurs,SAS,Forward-Center,13376880
1631104,Blake Wesley,Trail Blazers,POR,Guard,2296274
201566,Russell Westbrook,Kings,SAC,Guard,2296274
1629632,Coby White,Bulls,CHI,Guard,12888889
1628401,Derrick White,Celtics,BOS,Guard,28100000
1641715,Cam Whitmore,Wizards,WAS,Forward,3539760
1630598,Aaron Wiggins,Thunder,OKC,Guard,10102803
203952,Andrew Wiggins,Heat,MIA,Forward,28223215
1642873,Amari Williams,Celtics,BOS,Forward-Center,0
1630314,Brandon Williams,Mavericks,DAL,Guard,2270735
1642262,Cody Williams,Jazz,UTA,Forward,5742480
1629684,Grant Williams,Hornets,CHA,Forward,13645500
1631114,Jalen Williams,Thunder,OKC,Guard-Forward,6580997
1631119,Jaylin Williams,Thunder,OKC,Forward,8450704
1629026,Kenrich Williams,Thunder,OKC,Guard-Forward,7163000
1631109,Mark Williams,Suns,PHX,Center,6276531
1630172,Patrick Williams,Bulls,CHI,Forward,18000000
1630533,Ziaire Williams,Nets,BKN,Forward,6250000
1629057,Robert Williams III,Trail Blazers,POR,Center-Forward,13285713
1631246,Vince Williams Jr.,Grizzlies,MEM,Guard,2301587
1629627,Zion Williamson,Pelicans,NOP,Forward,39446090
1630592,Jalen Wilson,Nets,BKN,Forward,2221677
1642874,Danny Wolf,Nets,BKN,Forward,2801280
1627824,Guerschon Yabusele,Knicks,NYK,Forward,5500000
1642905,Yang Hansen,Trail Blazers,POR,Center,4422360
1642443,Jahmir Young,Heat,MIA,Guard,0
1629027,Trae Young,Wizards,WAS,Guard,45999660
1642959,Chris Youngblood,Thunder,OKC,Guard,0
1642911,Rocco Zikarsky,Timberwolves,MIN,Center,0
1627826,Ivica Zubac,Clippers,LAC,Center,18102000
1641783,Tristan da Silva,Magic,ORL,Forward,3809520
1642365,Nikola Đurišić,Hawks,ATL,Guard,1272870
203967,Dario Šarić,Kings,SAC,Forward-Center,5426400
